video_id,title,thumbnail_url,description
0,Random Video 48,http://localhost:8000/thumbnails/0.png,This is a short description about 'Random Video 48'.
1,Random Video 30,http://localhost:8000/thumbnails/1.png,This is a short description about 'Random Video 30'.
2,Random Video 28,http://localhost:8000/thumbnails/2.png,This is a short description about 'Random Video 28'.
3,How to Make Sushi at Home,http://localhost:8000/thumbnails/3.png,This is a short description about 'How to Make Sushi at Home'.
4,Minecraft Survival Guide,http://localhost:8000/thumbnails/4.png,This is a short description about 'Minecraft Survival Guide'.
5,Motivational Morning Routine,http://localhost:8000/thumbnails/5.png,This is a short description about 'Motivational Morning Routine'.
6,History of Ancient Rome,http://localhost:8000/thumbnails/6.png,This is a short description about 'History of Ancient Rome'.
7,Random Video 37,http://localhost:8000/thumbnails/7.png,This is a short description about 'Random Video 37'.
8,How to Budget Your Money,http://localhost:8000/thumbnails/8.png,This is a short description about 'How to Budget Your Money'.
9,Horror Short Film,http://localhost:8000/thumbnails/9.png,This is a short description about 'Horror Short Film'.
10,Top 10 Travel Destinations,http://localhost:8000/thumbnails/10.png,This is a short description about 'Top 10 Travel Destinations'.
11,Random Video 22,http://localhost:8000/thumbnails/11.png,This is a short description about 'Random Video 22'.
12,Random Video 34,http://localhost:8000/thumbnails/12.png,This is a short description about 'Random Video 34'.
13,Nature Walk with Me,http://localhost:8000/thumbnails/13.png,This is a short description about 'Nature Walk with Me'.
14,Random Video 35,http://localhost:8000/thumbnails/14.png,This is a short description about 'Random Video 35'.
15,Cute Cats Compilation,http://localhost:8000/thumbnails/15.png,This is a short description about 'Cute Cats Compilation'.
16,Random Video 31,http://localhost:8000/thumbnails/16.png,This is a short description about 'Random Video 31'.
17,Random Video 45,http://localhost:8000/thumbnails/17.png,This is a short description about 'Random Video 45'.
18,Secrets of the Universe,http://localhost:8000/thumbnails/18.png,This is a short description about 'Secrets of the Universe'.
19,Guitar Lessons for Beginners,http://localhost:8000/thumbnails/19.png,This is a short description about 'Guitar Lessons for Beginners'.
20,Random Video 44,http://localhost:8000/thumbnails/20.png,This is a short description about 'Random Video 44'.
21,Random Video 33,http://localhost:8000/thumbnails/21.png,This is a short description about 'Random Video 33'.
22,Random Video 29,http://localhost:8000/thumbnails/22.png,This is a short description about 'Random Video 29'.
23,Random Video 32,http://localhost:8000/thumbnails/23.png,This is a short description about 'Random Video 32'.
24,Random Video 46,http://localhost:8000/thumbnails/24.png,This is a short description about 'Random Video 46'.
25,Beginner Yoga Routine,http://localhost:8000/thumbnails/25.png,This is a short description about 'Beginner Yoga Routine'.
26,Random Video 27,http://localhost:8000/thumbnails/26.png,This is a short description about 'Random Video 27'.
27,10 Minute Workouts,http://localhost:8000/thumbnails/27.png,This is a short description about '10 Minute Workouts'.
28,Random Video 41,http://localhost:8000/thumbnails/28.png,This is a short description about 'Random Video 41'.
29,Random Video 25,http://localhost:8000/thumbnails/29.png,This is a short description about 'Random Video 25'.
30,Random Video 21,http://localhost:8000/thumbnails/30.png,This is a short description about 'Random Video 21'.
31,Random Video 36,http://localhost:8000/thumbnails/31.png,This is a short description about 'Random Video 36'.
32,Random Video 23,http://localhost:8000/thumbnails/32.png,This is a short description about 'Random Video 23'.
33,Random Video 47,http://localhost:8000/thumbnails/33.png,This is a short description about 'Random Video 47'.
34,Random Video 49,http://localhost:8000/thumbnails/34.png,This is a short description about 'Random Video 49'.
35,Random Video 38,http://localhost:8000/thumbnails/35.png,This is a short description about 'Random Video 38'.
36,Random Video 39,http://localhost:8000/thumbnails/36.png,This is a short description about 'Random Video 39'.
37,Life in Tokyo Vlog,http://localhost:8000/thumbnails/37.png,This is a short description about 'Life in Tokyo Vlog'.
38,Exploring Haunted Places,http://localhost:8000/thumbnails/38.png,This is a short description about 'Exploring Haunted Places'.
39,Productivity Tips for Students,http://localhost:8000/thumbnails/39.png,This is a short description about 'Productivity Tips for Students'.
40,Random Video 42,http://localhost:8000/thumbnails/40.png,This is a short description about 'Random Video 42'.
41,Intro to Machine Learning,http://localhost:8000/thumbnails/41.png,This is a short description about 'Intro to Machine Learning'.
42,Bizarre Food Reviews,http://localhost:8000/thumbnails/42.png,This is a short description about 'Bizarre Food Reviews'.
43,Random Video 40,http://localhost:8000/thumbnails/43.png,This is a short description about 'Random Video 40'.
44,Random Video 26,http://localhost:8000/thumbnails/44.png,This is a short description about 'Random Video 26'.
45,Random Video 43,http://localhost:8000/thumbnails/45.png,This is a short description about 'Random Video 43'.
46,Random Video 20,http://localhost:8000/thumbnails/46.png,This is a short description about 'Random Video 20'.
47,Learn Python in 10 Minutes,http://localhost:8000/thumbnails/47.png,This is a short description about 'Learn Python in 10 Minutes'.
48,Random Video 24,http://localhost:8000/thumbnails/48.png,This is a short description about 'Random Video 24'.
49,Space Discoveries You Didn’t Know,http://localhost:8000/thumbnails/49.png,This is a short description about 'Space Discooveries You Didn’t Know'.
